{
  "alu_64bit": {
    "2.15474975586": {
      "timing": 1.85,
      "area": 3598.93,
      "power": 653000000.0
    },
    "2.7456501988": {
      "timing": 2.08,
      "area": 2674.1,
      "power": 225000000.0
    },
    "2.54868338449": {
      "timing": 2.13,
      "area": 2881.23,
      "power": 378000000.0
    },
    "2.94261701311": {
      "timing": 2.21,
      "area": 2642.34,
      "power": 194000000.0
    },
    "3.13958382743": {
      "timing": 2.23,
      "area": 2641.83,
      "power": 176000000.0
    },
    "3.33655064174": {
      "timing": 2.35,
      "area": 2632.93,
      "power": 156000000.0
    },
    "3.53351745606": {
      "timing": 2.51,
      "area": 2618.19,
      "power": 154000000.0
    },
    "3.73048427037": {
      "timing": 2.8,
      "area": 2583.88,
      "power": 150000000.0
    },
    "3.92745108468": {
      "timing": 2.91,
      "area": 2573.72,
      "power": 143000000.0
    },
    "4.124417899": {
      "timing": 3.02,
      "area": 2559.99,
      "power": 140000000.0
    },
    "4.32138471331": {
      "timing": 3.14,
      "area": 2535.09,
      "power": 133000000.0
    },
    "4.51835152762": {
      "timing": 3.25,
      "area": 2536.36,
      "power": 128000000.0
    },
    "4.71531834194": {
      "timing": 3.37,
      "area": 2514.25,
      "power": 125000000.0
    },
    "4.91228515625": {
      "timing": 3.54,
      "area": 2507.13,
      "power": 125000000.0
    },
    "min_area_endpoint": {
      "timing": "VIOLATED",
      "area": null,
      "power": null
    },
    "min_delay_endpoint": {
      "timing": "VIOLATED",
      "area": null,
      "power": null
    },
    "2.35171657017": {
      "timing": "VIOLATED",
      "area": 3595.38,
      "power": 581000000.0
    }
  },
  "alu_64bit_ref": {
    "2.22290578842": {
      "timing": 1.88,
      "area": 3417.22,
      "power": 519000000.0
    },
    "2.42057351113": {
      "timing": 1.98,
      "area": 3217.21,
      "power": 397000000.0
    },
    "2.61824123383": {
      "timing": 2.15,
      "area": 2743.74,
      "power": 312000000.0
    },
    "2.81590895653": {
      "timing": 2.16,
      "area": 2646.15,
      "power": 218000000.0
    },
    "3.01357667923": {
      "timing": 2.3,
      "area": 2585.92,
      "power": 194000000.0
    },
    "3.21124440193": {
      "timing": 2.41,
      "area": 2569.4,
      "power": 166000000.0
    },
    "3.40891212464": {
      "timing": 2.58,
      "area": 2568.89,
      "power": 162000000.0
    },
    "3.60657984734": {
      "timing": 2.69,
      "area": 2562.03,
      "power": 157000000.0
    },
    "3.80424757004": {
      "timing": 2.82,
      "area": 2550.34,
      "power": 150000000.0
    },
    "4.00191529274": {
      "timing": 2.92,
      "area": 2543.73,
      "power": 150000000.0
    },
    "4.19958301544": {
      "timing": 3.03,
      "area": 2543.73,
      "power": 141000000.0
    },
    "4.39725073814": {
      "timing": 3.14,
      "area": 2531.78,
      "power": 135000000.0
    },
    "4.59491846085": {
      "timing": 3.25,
      "area": 2527.97,
      "power": 134000000.0
    },
    "4.79258618355": {
      "timing": 3.43,
      "area": 2517.3,
      "power": 133000000.0
    },
    "4.99025390625": {
      "timing": 3.54,
      "area": 2503.32,
      "power": 130000000.0
    },
    "min_area_endpoint": {
      "timing": "VIOLATED",
      "area": null,
      "power": null
    },
    "min_delay_endpoint": {
      "timing": "VIOLATED",
      "area": null,
      "power": null
    }
  }
}